{
  "experiment": "qwen3.5_combined_entropy_turboquant",
  "timestamp": "2026-03-28 17:00:02",
  "config": {
    "model": "Qwen/Qwen3.5-9B",
    "num_sequences": 6,
    "seq_len": 256,
    "gen_tokens": 30,
    "device": "cuda",
    "seed": 42,
    "architecture": {
      "n_layers": 32,
      "full_attention_layers": [
        3,
        7,
        11,
        15,
        19,
        23,
        27,
        31
      ],
      "n_query_heads": 16,
      "n_kv_heads": 4,
      "gqa_ratio": 4,
      "head_dim": 256
    }
  },
  "head_entropies": {
    "L3_H0": 3.3522296249866486,
    "L3_H1": 3.5404822155833244,
    "L3_H2": 3.8214274525642393,
    "L3_H3": 3.4330996215343474,
    "L3_H4": 3.6491039261221885,
    "L3_H5": 4.114778824150562,
    "L3_H6": 3.877532608807087,
    "L3_H7": 3.795354488492012,
    "L3_H8": 4.020948460698127,
    "L3_H9": 3.7852889090776443,
    "L3_H10": 3.704432889819145,
    "L3_H11": 3.759991544485092,
    "L3_H12": 4.021363197267055,
    "L3_H13": 2.7808349043130876,
    "L3_H14": 4.010987600684166,
    "L3_H15": 2.481575420498848,
    "L7_H0": 3.6023327589035032,
    "L7_H1": 2.835658758878708,
    "L7_H2": 3.2101377815008165,
    "L7_H3": 3.0501682072877885,
    "L7_H4": 1.8820912563242018,
    "L7_H5": 1.985267050564289,
    "L7_H6": 3.401721477508545,
    "L7_H7": 2.8730584174394607,
    "L7_H8": 3.3512141540646554,
    "L7_H9": 3.8485502272844316,
    "L7_H10": 3.4233856409788133,
    "L7_H11": 3.540400031208992,
    "L7_H12": 3.7331015139818193,
    "L7_H13": 3.4426109954714774,
    "L7_H14": 3.3861523896455763,
    "L7_H15": 3.1213281244039535,
    "L11_H0": 3.017707747220993,
    "L11_H1": 3.179557053744793,
    "L11_H2": 3.2786275073885918,
    "L11_H3": 3.428011330962181,
    "L11_H4": 3.908714571595192,
    "L11_H5": 3.077593742311001,
    "L11_H6": 2.531274173781276,
    "L11_H7": 3.2644836410880087,
    "L11_H8": 2.7177319705486296,
    "L11_H9": 3.900400748848915,
    "L11_H10": 2.406296707317233,
    "L11_H11": 2.5251603975892065,
    "L11_H12": 3.573349307477474,
    "L11_H13": 3.322006902098656,
    "L11_H14": 3.1451470747590067,
    "L11_H15": 3.4782727867364884,
    "L15_H0": 4.024442476034165,
    "L15_H1": 2.867568016052246,
    "L15_H2": 3.4786923825740814,
    "L15_H3": 3.7384984999895097,
    "L15_H4": 3.529444320499897,
    "L15_H5": 3.5492396652698517,
    "L15_H6": 3.5833847865462305,
    "L15_H7": 3.347147698700428,
    "L15_H8": 3.220998606830835,
    "L15_H9": 3.339426484704018,
    "L15_H10": 3.21489230170846,
    "L15_H11": 3.356050580739975,
    "L15_H12": 3.081435926258564,
    "L15_H13": 1.7781329222023488,
    "L15_H14": 2.981874430179596,
    "L15_H15": 3.6294343277812002,
    "L19_H0": 3.4187534540891646,
    "L19_H1": 3.481165762245655,
    "L19_H2": 2.8695770382881163,
    "L19_H3": 3.185955024510622,
    "L19_H4": 3.1047142259776592,
    "L19_H5": 2.433021042123437,
    "L19_H6": 2.7423452705144884,
    "L19_H7": 2.8757688347250223,
    "L19_H8": 3.7946928277611733,
    "L19_H9": 3.5761878311634065,
    "L19_H10": 3.2480086885392665,
    "L19_H11": 3.4295986235141753,
    "L19_H12": 2.279908275604248,
    "L19_H13": 3.5086899176239967,
    "L19_H14": 2.2300341805443167,
    "L19_H15": 3.189971886575222,
    "L23_H0": 3.5696232840418816,
    "L23_H1": 3.396145170927048,
    "L23_H2": 3.143424469232559,
    "L23_H3": 3.8539419800043104,
    "L23_H4": 3.4318240523338317,
    "L23_H5": 3.3659307807683945,
    "L23_H6": 3.408089503645897,
    "L23_H7": 3.391281944513321,
    "L23_H8": 3.4368592247366907,
    "L23_H9": 3.4011545822024347,
    "L23_H10": 3.4055929627269506,
    "L23_H11": 3.455492815375328,
    "L23_H12": 3.3608067274093627,
    "L23_H13": 3.3912779435515406,
    "L23_H14": 3.408784367144108,
    "L23_H15": 3.009381755441427,
    "L27_H0": 2.9510806456208227,
    "L27_H1": 2.81842538267374,
    "L27_H2": 3.4742196619510652,
    "L27_H3": 3.1850072376430036,
    "L27_H4": 3.0984270691871645,
    "L27_H5": 3.1559019163250923,
    "L27_H6": 3.090991424024105,
    "L27_H7": 3.1637726381421087,
    "L27_H8": 3.1859860464930536,
    "L27_H9": 3.246578171849251,
    "L27_H10": 3.2183671817183495,
    "L27_H11": 3.2339460864663123,
    "L27_H12": 2.900187938660383,
    "L27_H13": 2.5972345545887947,
    "L27_H14": 3.290038798749447,
    "L27_H15": 2.564171338826418,
    "L31_H0": 3.7904696583747866,
    "L31_H1": 3.8071456372737886,
    "L31_H2": 3.8163580030202864,
    "L31_H3": 3.813443547487259,
    "L31_H4": 3.8861309438943863,
    "L31_H5": 3.611567273736,
    "L31_H6": 3.4921855956315992,
    "L31_H7": 3.768562597036362,
    "L31_H8": 1.652727547287941,
    "L31_H9": 0.31417914149351417,
    "L31_H10": 1.6333191007375718,
    "L31_H11": 3.616534100472927,
    "L31_H12": 0.622310030926019,
    "L31_H13": 3.626930092275143,
    "L31_H14": 2.794446612894535,
    "L31_H15": 3.4420067816972733
  },
  "results": {
    "full_cache": {
      "description": "Full KV cache (baseline)",
      "mode": "baseline",
      "keep_ratio": 1.0,
      "n_bits": 16,
      "compression_ratio": 1.0,
      "effective_compression_ratio": 1.0,
      "bleu": 1.0,
      "rouge_l": 1.0,
      "token_match": 1.0,
      "perplexity": 2.3803327986310596,
      "perplexity_ratio": 1.0,
      "wall_clock_seconds": 0.0
    },
    "eviction_2x": {
      "description": "Entropy-adaptive eviction 2x (GQA-aware)",
      "mode": "eviction",
      "keep_ratio": 0.5,
      "n_bits": 16,
      "compression_ratio": 2.0,
      "effective_compression_ratio": 2.0,
      "bleu": 1.0,
      "rouge_l": 1.0,
      "token_match": 1.0,
      "perplexity": 2.3892350052153226,
      "perplexity_ratio": 1.003739899979273,
      "wall_clock_seconds": 962.3687198162079
    },
    "eviction_3x": {
      "description": "Entropy-adaptive eviction 3x (GQA-aware)",
      "mode": "eviction",
      "keep_ratio": 0.3333333333333333,
      "n_bits": 16,
      "compression_ratio": 3.0,
      "effective_compression_ratio": 3.0,
      "bleu": 1.0,
      "rouge_l": 1.0,
      "token_match": 1.0,
      "perplexity": 2.3991090721002775,
      "perplexity_ratio": 1.0078880875312966,
      "wall_clock_seconds": 966.0666139125824
    },
    "quant_5bit": {
      "description": "TurboQuant 5-bit quantization",
      "mode": "quantization",
      "keep_ratio": 1.0,
      "n_bits": 5,
      "compression_ratio": 3.2,
      "effective_compression_ratio": 3.2,
      "bleu": 1.0,
      "rouge_l": 1.0,
      "token_match": 1.0,
      "perplexity": 2.375924729165867,
      "perplexity_ratio": 0.9981481289222551,
      "wall_clock_seconds": 569.761780500412
    },
    "quant_4bit": {
      "description": "TurboQuant 4-bit quantization",
      "mode": "quantization",
      "keep_ratio": 1.0,
      "n_bits": 4,
      "compression_ratio": 4.0,
      "effective_compression_ratio": 4.0,
      "bleu": 1.0,
      "rouge_l": 1.0,
      "token_match": 1.0,
      "perplexity": 2.3868298971567294,
      "perplexity_ratio": 1.0027294916615888,
      "wall_clock_seconds": 512.6016063690186
    },
    "quant_3bit": {
      "description": "TurboQuant 3-bit quantization",
      "mode": "quantization",
      "keep_ratio": 1.0,
      "n_bits": 3,
      "compression_ratio": 5.333333333333333,
      "effective_compression_ratio": 5.333333333333333,
      "bleu": 0.9648508957417371,
      "rouge_l": 0.9666666666666668,
      "token_match": 0.9222222222222222,
      "perplexity": 2.432148733629956,
      "perplexity_ratio": 1.0217683573610783,
      "wall_clock_seconds": 470.0103118419647
    },
    "combined_2x_5bit": {
      "description": "Eviction 2x + TurboQuant 5-bit",
      "mode": "combined",
      "keep_ratio": 0.5,
      "n_bits": 5,
      "compression_ratio": 6.4,
      "effective_compression_ratio": 6.4,
      "bleu": 1.0,
      "rouge_l": 1.0,
      "token_match": 1.0,
      "perplexity": 2.378625353874265,
      "perplexity_ratio": 0.9992826865395559,
      "wall_clock_seconds": 1014.0575380325317
    },